{
	"format_version": "1.8.0",
	"animations": {
		"PeashooterIdleAnimation": {
			"loop": true,
			"animation_length": 1.5,
			"bones": {
				"upper": {
					"rotation": {
						"0.0": [0, 0, 0],
						"0.375": [-7.38733, 1.29876, 9.91615],
						"0.75": [0, 0, 0],
						"1.125": [9.91615, 1.29876, -7.38733],
						"1.5": [0, 0, 0]
					}
				},
				"head": {
					"position": {
						"0.0": [0, 0, 0],
						"0.375": [1, -1, 1],
						"0.75": [0, 0, 0],
						"1.125": [-1, -1, -1],
						"1.5": [0, 0, 0]
					}
				},
				"node": {
					"rotation": {
						"0.0": [0, 0, 0],
						"0.375": [-12.5, 0, 0],
						"1.125": [12.5, 0, 0],
						"1.5": [0, 0, 0]
					},
					"scale": 1
				}
			}
		},
		"PeashooterShootAnimation": {
			"loop": true,
			"animation_length": 1.5,
			"bones": {
				"upper": {
					"rotation": {
						"0.0": [0, 0, 0],
						"0.375": [-7.3949, -3.85185, -9.41578],
						"0.75": [0, 0, 0],
						"1.125": [9.92593, -3.81735, 6.71792],
						"1.5": [0, 0, 0]
					}
				},
				"head": {
					"position": {
						"0.0": [0, 0, 0],
						"0.375": [-1, -1, 1],
						"0.75": [0, 0, 0],
						"1.125": [1, -1, -1],
						"1.5": [0, 0, 0]
					},
					"scale": {
						"1.0": [1, 1, 1],
						"1.2083": [1, 0.9, 1],
						"1.4167": [1, 1, 1]
					}
				},
				"node": {
					"rotation": {
						"0.0": [0, 0, 0],
						"0.375": [-12.5, 0, 0],
						"1.125": [12.5, 0, 0],
						"1.5": [0, 0, 0]
					}
				},
				"nose": {
					"position": {
						"1.0": [0, 0, 0],
						"1.2083": [0.7, 0, -0.5],
						"1.4167": [0, 0, 0]
					},
					"scale": {
						"1.0": [1, 1, 1],
						"1.2083": [0.8, 0.8, 1.09],
						"1.4167": [1, 1, 1]
					}
				}
			},
			"sound_effects": {
				"0.75": {
					"effect": "peashooter_shoot"
				}
			}
		}
	}
}